{"train/loss": 0.4258, "train/grad_norm": 0.9985594153404236, "train/learning_rate": 3.886010362694301e-07, "train/epoch": 2.0, "train/global_step": 386, "_timestamp": 1714625374.3748338, "_runtime": 1154.2343907356262, "_step": 76, "eval/loss": 0.5918915867805481, "eval/runtime": 10.1673, "eval/samples_per_second": 1.967, "eval/steps_per_second": 0.295, "train_runtime": 1156.6717, "train_samples_per_second": 0.334, "train_steps_per_second": 0.334, "total_flos": 3.287707243511808e+16, "train_loss": 0.47406681769870107}